AGS,Name,NUTS,population_2024,population_under15_2024,population_15_64_2024,population_65plus_2024,share_under15_2024_pct,share_15_64_2024_pct,share_65plus_2024_pct,median_age_2024,population_density_2024_per_km2,unemployment_rate_2024_pct,disposable_income_2023_eur_per_capita,immigration_history_2022_pct,foreign_national_2022_pct,no_vocational_qualification_2022_pct,university_degree_2022_pct,n_grid_points,mean_pred_pm25,median_pred_pm25,std_pred_pm25,min_pred_pm25,max_pred_pm25
01002,Kiel,DEF02,251751,31347,171806,48598,12.45158907015265,68.24441610956859,19.303994820278767,41.7,2155.6,7.9,25057.7176342657,22.10635325851356,12.273413290946165,29.531242653627345,26.11782406319056,1,8.405565474882115,8.405565474882115,0.0,8.405565474882115,8.405565474882115
01003,Lübeck,DEF03,217061,26957,139437,50667,12.419089564684583,64.23862416555714,23.34228626975827,47.9,1142.0,8.1,25622.9628951823,20.214578760684947,11.352207373655988,27.14262214179964,20.151340681033066,1,13.087915232942883,13.087915232942883,0.0,13.087915232942883,13.087915232942883
01051,Dithmarschen,DEF05,133514,17328,81662,34524,12.97841424869302,61.16362329044145,25.85796246086553,51.6,95.5,6.1,29141.3700693229,11.780739402153452,6.7223853625480015,24.430368610891176,11.243072050673,13,9.475270737150739,9.551336851934549,0.8071327383133929,8.15489459178478,10.84234627883135
01053,Herzogtum Lauenburg,DEF06,205445,30081,128046,47318,14.641874954367347,62.32617002117355,23.0319550244591,48.8,168.2,5.2,29817.4021167647,16.442047192215593,8.850384254183036,23.831583885533338,16.841611446666278,11,11.001638557003808,11.206210153567108,1.5124815113749583,8.554188199436368,13.654427688333303
01054,Nordfriesland,DEF07,170048,21966,105161,42921,12.91752916823485,61.84195050809184,25.24052032367332,51.4,82.8,5.0,33278.5429877599,12.78243683563912,7.741158176498169,22.45239589872358,14.152193624886658,23,8.204361367501416,7.781717497927303,1.1699362593236688,7.033112045230824,12.158202557900042
01055,Ostholstein,DEF08,201529,23489,120378,57662,11.655394508978857,59.73234621320008,28.612259277821057,54.0,148.2,5.0,30474.4656542824,12.675180156865869,6.524465501453198,21.48421720814819,15.361532690865024,11,10.90486273383571,10.419332304281566,1.79336734929652,8.798993103699638,15.616229091287517
01056,Pinneberg,DEF09,323762,45850,204885,73027,14.161637252055522,63.28259647518857,22.555766272755918,48.7,507.0,5.5,31359.5770628401,20.05401607993131,11.665599875107327,23.17996289424861,19.44341372912801,6,10.012575517922492,9.336380164014411,1.609100786163262,8.822706957808165,13.467327327773882
01057,Plön,DEF0A,130635,17347,77732,35556,13.27898342710606,59.50319592758449,27.21782064530945,52.7,132.1,4.4,30121.8416363332,10.83357761081198,4.925405372047456,20.17171260732038,20.506100316312697,14,9.643259832076803,9.726569424944778,1.047871790843029,7.958978079326321,11.395821238035465
01058,Rendsburg-Eckernförde,DEF0B,277888,38320,171720,67848,13.78972823583602,61.79467987102718,24.415591893136803,50.8,129.9,4.6,31016.6987567192,11.816394917024486,5.995416038064291,21.91780821917808,19.20384764031434,21,8.33594448550856,8.242310677493354,0.880156311701393,6.961455107893909,9.767282587853684
01059,Schleswig-Flensburg,DEF0C,204761,29142,124446,51173,14.232202421359537,60.77622203446945,24.99157554417101,50.5,99.6,5.4,28089.4613310574,10.815626399696804,5.645546318582067,22.572844166568363,16.226259289843103,21,8.439699970782339,8.254580898588003,0.858782195588915,7.240466006046685,10.703675393622737
01060,Segeberg,DEF0D,282268,40160,179065,63043,14.22761347372001,63.437938413139285,22.334448113140706,48.5,212.6,5.1,29898.9101026978,17.019864922851692,8.896845916133895,21.55900086132644,16.52885443583118,14,9.725099612308524,9.521540134566134,1.0659045045090771,7.9215118218999905,12.676689216118852
01061,Steinburg,DEF0E,132447,17840,83320,31287,13.469538758899786,62.908182140780845,23.62227910031937,50.7,130.5,5.7,29011.2169104907,13.264682981939208,7.230423962992931,24.48061876067992,13.184638906376472,11,10.063405934969445,9.778032197457712,1.613341263489145,7.767492638400613,13.44359096871892
01062,Stormarn,DEF0F,246201,35933,151714,58554,14.594985398109674,61.62200803408597,23.783006567804357,49.7,322.8,4.2,32911.6919232629,16.870095368681365,8.274671596292986,20.991727398069727,21.622020878471535,9,10.465494835850402,10.20219062660876,1.2567449036620457,8.147175989650286,12.04295513550135
02000,Hamburg,DE600,1851596,265549,1253012,333035,14.341627439247006,67.67199756318333,17.986374997569666,42.2,2615.6,8.0,,28.884990762065986,16.877003349096604,27.025937103029246,31.492845284743552,8,9.790470779827897,9.684979965971223,0.9108874708684315,8.753901851376673,11.273850388856848
03101,Braunschweig,DE911,253527,31263,168150,54114,12.33123099314866,66.324296820457,21.34447218639435,45.1,1319.0,5.7,27787.3141881835,21.96973292829568,11.535662299854438,27.864763752251623,28.700752852062266,2,11.716964391898927,11.716964391898927,1.9374998139697146,9.779464577929213,13.654464205868642
03102,Salzgitter,DE912,105056,16280,64925,23851,15.49649710630521,61.80037313432835,22.703129759366437,47.0,475.2,9.8,23691.9384697597,31.136592621023844,18.645108669577315,36.75243393602226,10.002318034306908,2,9.675717724445384,9.675717724445384,1.405554089925248,8.270163634520136,11.081271814370632
03103,Wolfsburg,DE913,129347,19330,81515,28502,14.944297123242132,63.02040248324276,22.03530039351512,45.7,634.6,6.0,28247.5969322876,31.155767037634195,15.655354123245113,33.53996430919508,18.615572461726305,2,9.656097052709729,9.656097052709729,0.9510528007982426,8.705044251911486,10.607149853507972
03151,Gifhorn,DE914,175876,27498,110197,38181,15.634879119379564,62.65607587163685,21.7090450089836,47.7,112.3,4.5,28650.4411047568,20.77211986579794,7.234544434393283,28.105878308697147,15.59986249570299,14,9.524025324233687,9.142101569402694,1.613062018427398,7.837957983274419,13.352076919000444
03153,Goslar,DE916,127712,14537,77248,35927,11.382642194938612,60.48609371084941,28.13126409421198,53.5,132.7,7.2,27008.6566254765,15.899722583577574,9.431374700249204,25.981818181818184,14.809090909090909,10,7.739327549544257,7.4275069556517,1.6018009005404679,6.070365264185627,11.91984464456361
03154,Helmstedt,DE917,90692,12515,56146,22031,13.799453093988443,61.90843734838795,24.292109557623608,50.2,134.2,6.7,28145.996077879,13.971903783712149,7.483489055286816,26.615223646351037,13.196442584357834,9,10.101376623962368,9.776373102949306,1.3254779415530276,7.707665218732205,12.03129657217544
03155,Northeim,DE918,126310,16133,76536,33641,12.772543741588157,60.59377721478901,26.63367904362283,52.2,99.5,6.1,27249.1078069708,15.06218806939713,7.09577754891864,26.337753871835297,13.35435407586015,13,8.222100641122132,8.340254094090733,1.1477061560976014,6.471672736838052,10.441830241698588
03157,Peine,DE91A,136983,20937,85677,30369,15.28437835351832,62.54571735178818,22.169904294693502,47.8,257.5,5.8,27126.2126845546,17.638977659254035,8.788633475121035,27.638766519823783,14.572687224669604,7,9.85149877240867,9.64133223915014,0.9369251567283433,8.829801058649549,11.789818619569044
03158,Wolfenbüttel,DE91B,118540,16062,73141,29337,13.549856588493336,61.70153534671841,24.748608064788257,51.0,163.8,5.1,27742.53790108,13.4466704049209,6.496066337020611,26.36546184738956,18.664658634538156,8,10.015681790788394,9.405164142348909,1.9810048142278842,7.745570351585224,14.679638457661165
03159,Göttingen,DE91C,328657,41164,208587,78906,12.524911990312088,63.46647112339004,24.008616886297872,48.2,187.6,6.9,26173.915821177,17.768860205281563,10.12376458017986,27.52141076139197,21.13973909586962,16,8.066406134215537,7.942099644943083,0.8636049046199161,6.859600417634892,10.050502681523424
03241,Region Hannover,DE929,1138943,157426,734253,247264,13.822114012729347,64.46793210898176,21.709953878288903,46.2,503.9,7.8,26813.5465357583,25.569052338113885,14.65038550849394,29.04374578556979,23.789404922454484,22,9.647561335711181,9.665924511444913,1.414469589858444,7.587763096795522,13.932081486705169
03251,Diepholz,DE922,220743,31183,137877,51683,14.126382263537234,62.46041777089194,23.413199965570826,49.4,111.9,4.4,29741.2906808046,17.237097720108498,8.807547100652444,27.682112010429684,13.6617958607203,18,10.214575172237286,9.981509629632516,1.5349498552028433,8.20041659413434,13.136706528796502
03252,Hameln-Pyrmont,DE923,150535,20225,91248,39062,13.435413691168169,60.61580363370644,25.948782675125383,51.6,189.1,7.0,27273.5185271313,20.01290854891941,11.187187267113808,29.21632073238103,14.000473522216083,8,8.162756540453577,8.23876571882195,0.851018384795794,6.52117376672997,9.4135225771481
03254,Hildesheim,DE925,268318,35263,168448,64607,13.14224166846801,62.7792395590307,24.078518772501287,49.4,222.5,6.9,26623.1923611435,17.569009875405857,8.922693210798908,28.366850828729284,17.595580110497238,9,8.946650255512333,8.627379529161212,1.21175566229018,7.343225097750053,11.186918196530778
03255,Holzminden,DE926,66088,8607,39672,17809,13.023544365088972,60.02905217286043,26.9474034620506,52.0,95.0,7.2,27015.0404609584,16.904729515258694,8.467479859127254,28.892857142857142,11.821428571428571,7,8.216464238416291,8.135831582703359,0.777995540857476,7.062474742112196,9.39628186636478
03256,Nienburg (Weser),DE927,121723,17266,76241,28216,14.184665182422384,62.63483482990068,23.18049998767694,49.4,87.5,5.9,26346.6554548468,18.3905282271103,8.747129200487517,30.358557844690964,11.390649762282091,16,10.040354399115042,9.694593501193907,1.301565706675193,8.309706427537423,13.308348104161038
03257,Schaumburg,DE928,157051,20755,96240,40056,13.2154523053021,61.27945699167786,25.50509070302004,51.5,233.2,6.0,27527.2458119402,17.266996560410195,8.87452529824696,27.34392650048949,15.3324798554108,8,8.396754292045205,8.390583895614089,1.0459562195581975,6.572074482063588,10.155034274705146
03351,Celle,DE931,172871,24869,105985,42017,14.385871545834757,61.30872153224081,24.30540692192444,49.1,111.6,5.8,25883.3032337394,16.897648397056432,8.087842700280893,27.57015837732704,14.50402889691581,17,9.035965528336485,8.49499948135844,1.5192621390164773,7.471293691048277,13.060264379692857
03352,Cuxhaven,DE932,199390,27065,120145,52180,13.573900396208437,60.25628165906013,26.169817944731435,51.8,97.7,5.9,28142.2286808249,12.24953657637272,6.397013885030534,27.53888921748388,12.491867273910216,21,9.160054544542104,8.95994995012804,0.8106567000286898,7.521732775573377,11.380727494617425
03353,Harburg,DE933,264767,37771,166651,60345,14.265750641129747,62.94251171785004,22.79173764102022,49.3,214.1,4.6,32183.1301640704,16.254996569948148,8.48085111275481,24.89981785063752,18.78415300546448,14,9.281413793937077,9.062775332683032,1.1026121257403552,7.299687591357607,11.61559734307535
03354,Lüchow-Dannenberg,DE934,46815,5807,27214,13794,12.404143970949482,58.130940937733634,29.46491509131689,54.8,38.4,7.4,25324.5924299711,11.027724767888158,6.209661856465896,26.611487333834965,15.073990469024327,14,9.015163966846309,8.672996274065166,1.2217237770971778,7.400384729960058,12.080666799149135
03355,Lüneburg,DE935,179403,25359,116111,37933,14.13521513018177,64.72076832605921,21.144016543759022,46.9,136.5,5.9,27208.3196072389,15.122092068686344,6.643869353277208,25.17888483866613,22.89050897799379,13,8.936966103662261,9.082234199541372,0.8732249950913674,7.599094121375753,11.059788855258656
03356,Osterholz,DE936,113784,16559,69405,27820,14.553012725866555,60.99715249947268,24.44983477466076,50.5,176.0,3.5,29000.1029874956,13.726166777261668,5.957973899579739,24.49837167769724,17.56487025948104,6,9.366848297359548,9.427154594606383,0.682608632987252,8.351460681297107,10.165094008093872
03357,Rotenburg (Wümme),DE937,165561,23160,105202,37199,13.988801710547774,63.54274255410392,22.4684557353483,48.6,80.0,3.8,29258.3423099584,14.195454323041542,7.057053383569017,29.416472642607683,12.485448195576252,21,9.482592846547231,9.279502580820518,1.054626172329406,8.129247015586575,13.104023523981391
03358,Heidekreis,DE938,141627,19707,88711,33209,13.91471965091402,62.63706779074612,23.448212558339865,49.4,75.2,6.5,26202.623573354,18.197673196937757,9.702250457025588,29.036348267117496,12.028740490278953,17,8.957031750330955,8.857438883000604,0.7983075698574483,7.606712575737683,10.24723228501706
03359,Stade,DE939,207659,30751,130611,46297,14.808411867532833,62.8968645712442,22.29472356122297,47.9,174.8,5.8,29044.8012442683,17.507807040264293,9.269730186733652,26.777459184270587,16.139036807302944,12,9.884844694301815,9.645897054535382,0.9978055737325235,8.713238548974926,12.001801250848574
03360,Uelzen,DE93A,91832,11764,56263,23805,12.81034933356564,61.26731422597788,25.922336440456483,52.0,62.7,5.3,26689.4484032726,14.67196819085487,6.726308813783962,26.976079043161725,13.065522620904838,14,8.529766803162628,8.17938704687726,0.8769997846506371,7.4379632537183635,10.19087940411466
03361,Verden,DE93B,138273,20942,85147,32184,15.145400765152994,61.57890549854274,23.275693736304262,48.5,176.6,4.1,29443.3540469493,19.05399473222125,8.418934738074334,26.86658506731946,16.768665850673194,8,9.279455220335453,9.16711537599668,1.0357766312265302,8.059026447973796,10.996271915857871
03403,Oldenburg (Oldb),DE943,176242,22614,118506,35122,12.831220707890289,67.2404988595227,19.92828043258701,43.8,1729.7,6.7,26329.0565820526,19.88724176453904,10.713190050880128,28.054542999865,26.859727285000677,1,8.650016574566697,8.650016574566697,0.0,8.650016574566697,8.650016574566697
03404,Osnabrück,DE944,165686,20731,113126,31829,12.512221913740447,68.27734389145733,19.210434194802215,41.5,1382.3,7.7,28239.2215980809,25.32232046477216,14.786110201457872,30.16708140774973,25.92961251333096,2,8.552251927732186,8.552251927732186,0.4959741833899125,8.056277744342275,9.0482261111221
03451,Ammerland,DE946,127292,18229,78149,30914,14.320617163686642,61.39348898595356,24.2858938503598,49.9,176.1,4.4,28387.9749147116,14.008304157636095,7.044243853256167,26.454280612724368,15.007987971055352,7,9.658934482062307,9.675083074008068,0.5861295682795229,8.790754109192253,10.775760949683248
03452,Aurich,DE947,188960,25093,117309,46558,13.279530059271805,62.08139288738357,24.639077053344625,51.0,147.7,6.5,26327.7321410003,10.27331146841586,5.621950243980481,27.766737051297973,12.439448515712334,14,9.040350381689354,9.102369260202579,1.0857169381449148,7.361901250511954,11.74129479101991
03453,Cloppenburg,DE948,176540,29496,115733,31311,16.707828254220004,65.55624787583551,17.73592386994449,42.9,124.9,4.5,27146.5983282154,29.630917632035025,13.231437562710935,34.121973218622074,11.149656560049957,14,10.340437460124107,10.263261494384551,1.286400475871951,7.849188362428468,12.955385929239648
03454,Emsland,DE949,334203,50508,215785,67910,15.11297026059012,64.56704458068899,20.319985158720897,45.7,116.4,3.4,28260.0024766633,21.34180078189125,12.015953986368585,29.40597308828356,13.07661452065784,29,10.195210889829731,10.080866306158978,1.3946965051269036,8.27604540331491,12.811243862593097
03455,Friesland,DE94A,100461,13170,60448,26843,13.109564905784335,60.17061347189456,26.7198216223211,52.5,165.7,4.7,27073.7750612221,9.591377995424075,4.863926464095051,25.91116840501582,13.34817766318997,7,9.538777049361565,9.538043806191396,0.5622372351827859,8.750429684331646,10.396666237008809
03456,Grafschaft Bentheim,DE94B,144212,21859,91566,30787,15.157545835298034,63.49402268881924,21.34843147588273,47.1,147.2,3.4,26855.9403423535,22.27998593035526,14.645796693633487,29.737019554956166,12.5590020229265,9,9.745462203392144,9.744014182800138,1.0751767054792798,8.499011007488049,11.050473153859247
03457,Leer,DE94C,169111,24671,106098,38342,14.588642962314694,62.73867459834074,22.67268243934457,48.3,158.5,5.9,25246.376395461,14.462094718748148,8.907000177819928,28.870911009497007,11.579317622230038,13,9.821270856615643,8.983701621006134,1.8571699503356778,7.54526637151241,13.323790823164469
03458,Oldenburg,DE94D,131965,18765,83358,29842,14.219679460463002,63.16674875914068,22.61357178039632,49.3,124.2,3.6,29698.9654941274,15.437086143529068,8.673434155099786,27.137140778464897,15.169152419061476,10,9.535320832349267,9.458127405395256,0.8114384065476526,8.026237602439847,11.382044918023634
03459,Osnabrück,DE94E,356194,53262,223554,79378,14.953087362504702,62.7618657248578,22.285046912637497,48.1,167.9,3.6,29220.3972967438,21.57637902279325,9.3809489046996,28.740078030404952,13.638503968787838,22,9.767488814220952,9.552927888424632,1.5643841268357481,7.5831115703789935,14.204016967243698
03460,Vechta,DE94F,146400,23694,96668,26038,16.184426229508198,66.03005464480874,17.78551912568306,42.7,179.9,3.8,30312.1462216129,26.35068085340978,13.90787805281438,33.35581787521079,14.06408094435076,9,9.8161810976852,9.661612818874511,1.1096061041204914,7.885617392659636,11.770677092921192
03461,Wesermarsch,DE94G,89316,12134,55318,21864,13.58547180796274,61.93515159657844,24.47937659545882,50.6,110.6,6.4,27305.3699882897,15.34199270987327,8.287723020324332,28.58468062549695,12.562947256824808,9,8.536861119404481,8.334658767335076,0.9074223068463018,7.787783475798724,10.995445653760225
03462,Wittmund,DE94H,56013,7330,33890,14793,13.086247835323942,60.50381161516077,26.40994054951529,52.1,85.5,5.8,26566.9772859639,9.437725745296412,5.331632194648601,27.539882451721244,10.15952980688497,7,8.978712895033793,8.749196497822073,0.7322257167508088,8.187596421521917,10.313101185615988
04011,Bremen,DE501,584332,83985,380252,120095,14.372822299651569,65.07464934318162,20.552528357166818,44.2,1888.1,10.4,26870.2432437619,32.130641259948774,20.41539218635612,34.424421508240385,24.040702513733976,3,10.26735516484182,10.10921053386823,0.7258717296267174,9.46803271794806,11.224822242709172
04012,Bremerhaven,DE502,118323,17955,74758,25610,15.174564539438656,63.1812918874606,21.64414357310075,45.2,1462.5,14.5,21951.0137043442,33.80088544267901,21.21253163806896,41.58536585365854,11.798780487804878,2,10.132997088543092,10.132997088543092,0.47099648757505985,9.662000600968032,10.603993576118151
06636,Werra-Meißner-Kreis,DE737,98055,12457,59616,25982,12.704094640762836,60.79853143643873,26.497373922798428,52.5,95.8,5.4,25597.9623198818,15.268083031060446,7.884496194917752,26.6304347826087,13.64734299516908,1,6.015337774760681,6.015337774760681,0.0,6.015337774760681,6.015337774760681
11000,Berlin,DE300,3662381,513294,2448136,700951,14.015308620266437,66.84547566187133,19.139215717862232,42.5,4342.6,9.7,,28.667842276297545,19.54340270875805,28.7987047741383,32.09330175551274,9,13.122183528208314,12.791469402687854,2.4916484251734436,8.738081133269086,16.753731263908332
12051,Brandenburg an der Havel,DE401,73939,9204,44041,20694,12.44809910872476,59.56396488997687,27.98793600129837,52.4,377.7,9.1,23277.3130888633,10.28524037415706,7.198988470741788,20.99690503339306,16.53363740022805,2,12.106085299024112,12.106085299024112,0.6195396197031249,11.486545679320988,12.725624918727238
12052,Cottbus,DE402,94778,12028,56910,25840,12.690708814281797,60.04558019793623,27.263710987781977,52.4,575.5,8.1,24441.5765363912,13.308349125907627,9.305197708834614,20.925578486554095,20.65040650406504,2,9.418393007584427,9.418393007584427,0.3999938338338911,9.018399173750536,9.818386841418318
12053,Frankfurt (Oder),DE403,57065,6820,34245,16000,11.951283623937616,60.01051432576886,28.038202050293528,52.8,396.4,8.5,22455.6250427175,16.37685571533461,11.973281280779355,20.42149631190727,17.639620653319284,1,11.648778600455778,11.648778600455778,0.0,11.648778600455778,11.648778600455778
12054,Potsdam,DE404,184290,27189,119719,37382,14.753377828422597,64.9622876987357,20.28433447284172,43.9,1079.1,5.7,27311.170112908,14.43606883800313,10.144087174381584,21.033137112242876,32.376479925921025,1,12.183314845083949,12.183314845083949,0.0,12.183314845083949,12.183314845083949
12060,Barnim,DE405,192776,26788,117308,48680,13.895920654023325,60.85197327468149,25.252106071295184,50.8,134.9,5.4,27176.7991686152,8.234267755599701,4.970621932120372,19.58737105345421,18.111909971866208,15,11.349525879617213,10.46189309177772,2.2228457134051203,8.527638425759312,16.38358535425155
12061,Dahme-Spreewald,DE406,177662,25005,108752,43905,14.074478504125812,61.21286487825196,24.712656617622223,50.3,80.7,3.8,27083.1658361404,9.497235393806596,5.734061431889119,19.252209381373213,19.53772943575799,23,11.2313716633463,10.263016073483248,1.8246385358910455,9.493735478968729,15.88991744618858
12062,Elbe-Elster,DE407,98750,11885,57049,29816,12.035443037974684,57.77113924050633,30.19341772151899,56.1,52.2,6.6,24700.6283796568,5.721357850070722,3.020812285310164,17.20581340834505,11.157993436474449,20,10.69367812242653,10.400307374088513,1.416377322748784,7.753690382624419,14.976319647369351
12063,Havelland,DE408,169721,23945,105896,39880,14.108448571479071,62.39416454062844,23.49738688789248,50.1,99.8,6.1,26614.6400305981,10.376258928304594,5.893428170108485,20.226883561643834,17.722602739726025,16,11.751008654774592,11.23759170455342,1.9301358848862267,9.058125709128898,16.474191118322537
12064,Märkisch-Oderland,DE409,197785,27289,119635,50861,13.797305154587052,60.487397932097984,25.71529691331496,52.0,93.0,5.6,26673.1920957439,7.465403481577418,4.215319348555462,18.97398581044206,18.246316172457703,21,12.189550528899819,11.73692903581192,2.6136481297333076,9.485419488297373,16.928641237524136
12065,Oberhavel,DE40A,217290,29536,134913,52841,13.592894288738552,62.08891343366009,24.31819227760136,50.9,122.7,5.1,27965.5926073259,8.746535120802232,4.945464305381379,20.34372940918076,18.520755545793985,17,11.542655088480615,10.660942992658336,2.7103474716630727,8.155336510830288,17.13291497069549
12066,Oberspreewald-Lausitz,DE40B,108434,13267,62432,32735,12.235092314218788,57.57603703635391,30.1888706494273,56.2,92.8,7.2,25138.5385292619,7.422533147754744,4.3485825214270015,17.460148777895856,12.4442082890542,13,9.817727244654703,9.21937272770531,1.87218014968773,7.701586855631467,13.989328195468891
12067,Oder-Spree,DE40C,180499,23401,106708,50390,12.964614762408656,59.11833306555715,27.9170521720342,53.6,81.7,6.4,26329.0106798189,8.777589515142674,5.464603507669521,17.10306033616822,17.364226880064287,23,10.769545973616296,9.881420673130869,2.1281165913312132,8.791998746172423,16.634718965305094
12068,Ostprignitz-Ruppin,DE40D,99372,12359,59131,27882,12.4371050195226,59.5046894497444,28.058205530733005,54.1,40.1,7.0,25078.5885885886,7.652602551540924,4.456610672835079,19.64962121212121,12.48816287878788,26,11.340889759393688,11.536974470148309,1.9814565377109499,7.7867504501220814,15.269057892633905
12069,Potsdam-Mittelmark,DE40E,220158,30944,135403,53811,14.055360241281262,61.50264809818403,24.441991660534708,51.2,86.6,4.6,29585.318723492,8.611853424607387,5.230717135849472,18.36121132611785,23.4229802120914,27,10.307034844670376,10.000053309413564,1.3423953983711432,8.284321453478904,13.409615214337174
12070,Prignitz,DE40F,76148,9075,44593,22480,11.91758155171508,58.5609602353312,29.52145821295372,56.0,35.8,8.2,25135.894971096,8.619221650227269,5.222619562227374,20.88713352574814,10.603068509797964,22,10.551438055125054,9.805128130994758,1.833958909354115,8.70214853125881,15.830787357768076
12071,Spree-Neiße,DE40G,110580,13458,63383,33739,12.170374389582204,57.31868330620365,30.510942304214144,56.4,67.6,6.0,26531.8631381983,6.794744893368128,3.8891388463961127,17.011927181418706,13.93596986817326,13,9.393969854964963,9.246794361944534,0.8894097080519614,8.170485589338625,11.310030802171168
12072,Teltow-Fläming,DE40H,177420,25391,111153,40876,14.311238868222295,62.64964491038214,23.03911622139556,49.1,85.0,5.0,26081.6940275392,10.653376353998617,6.591956672044249,18.011994209691874,15.613152271317295,20,11.837544319108757,10.464530899914775,2.6860120142044686,7.822425578046467,16.576334204096693
12073,Uckermark,DE40I,117797,14063,68063,35671,11.93833459256178,57.779909505335446,30.28175590210277,56.3,39.4,11.2,24383.0204372624,8.458217778117023,4.728222612353595,20.051287109182365,13.009172502219156,32,11.323755640250155,11.240222679340103,1.9586782262770164,8.366952348549685,16.476322327433618
13003,Rostock,DE803,204948,24198,128545,52205,11.806897359330172,62.720787712005,25.47231492866483,48.0,1139.6,7.6,23978.8646022495,11.271931980144494,6.619649088317687,20.528397042810475,22.373775001432747,1,9.038858281438149,9.038858281438149,0.0,9.038858281438149,9.038858281438149
13004,Schwerin,DE804,97850,12524,58696,26630,12.799182422074605,59.985692386305566,27.215125191619823,51.2,1032.4,10.2,24338.0124664268,13.492384418385228,8.487563117567161,21.417207196181614,20.658426141231185,2,8.81862804689706,8.81862804689706,0.9019515881278823,7.916676458769179,9.720579635024944
13071,Mecklenburgische Seenplatte,DE80J,247575,30759,144648,72168,12.42411390487731,58.425931535898215,29.14995455922448,55.4,48.2,9.0,25073.2847671909,6.919608587797053,3.498791987523938,16.168516937090804,14.043078090900464,54,10.058929284881549,9.638918013652258,1.6971670516423647,7.860886512432098,14.698611051718428
13072,Rostock,DE80K,218780,30344,130173,58263,13.869640734984918,59.49949721181095,26.63086205320413,52.7,64.8,6.0,26789.1316440469,7.060212405867677,3.615419024298014,17.76268959097629,16.34999726222417,38,11.481567088041848,11.4846602583894,2.1104960517284863,7.299451242315073,15.43539935392161
13073,Vorpommern-Rügen,DE80L,216175,25787,127952,62436,11.928761420145715,59.18908291893143,28.882155660922862,55.1,67.8,9.2,25211.5275673539,7.645278366189087,4.484543967071628,17.731758615110824,13.97292778946233,31,9.706518597350785,9.231579769527716,1.828389810587162,7.264876684977988,13.714127411406595
13074,Nordwestmecklenburg,DE80M,157160,20894,95011,41255,13.294731483838126,60.45495036905065,26.250318147111223,52.1,76.1,6.8,25413.7674964274,8.197925918353002,4.222283278914781,18.28394782477569,14.936288924074493,18,10.886651895790486,10.046391797769711,2.0912913039918095,8.127829864050645,15.305551823643777
13075,Vorpommern-Greifswald,DE80N,226181,27734,134881,63566,12.26186107586402,59.63409835485739,28.104040569278588,53.3,57.8,9.1,24098.5122434358,8.188708869068476,4.696432769028115,18.63473427191023,15.024157099070084,36,10.65072438190486,9.921093281280495,2.0510675679751755,8.119152419844907,16.20973046878544
13076,Ludwigslust-Parchim,DE80O,209372,27759,125610,56003,13.258219819269051,59.993695432053954,26.748084748677,53.2,44.8,6.3,27275.1589143847,9.004712102057235,5.35618511282228,20.821593598557424,12.949397047221908,51,9.847277897146514,9.784109379179984,1.438631034516981,7.340523071857556,12.837250490103967
14511,Chemnitz,DED41,245150,32804,144303,68043,13.381195186620436,58.86314501325719,27.755659800122373,50.6,1110.3,8.9,24904.2348199871,13.462707953248527,9.768075375502962,19.0790167739213,21.716425783310477,3,9.983979188468743,9.910606921885291,0.5740093207626275,9.320527882855888,10.720802760665048
14521,Erzgebirgskreis,DED42,322179,41080,180244,100855,12.750675866521403,55.94529748990468,31.304026643573916,55.4,175.9,5.3,25867.3022786262,4.533757702986389,2.890659147854245,15.35226469165209,11.827756894562508,19,7.28265849448946,6.778818989875522,1.4245240427585235,5.616800673194637,9.868860971445113
14522,Mittelsachsen,DED43,297766,38711,171374,87681,13.000476884533493,57.55324650900372,29.4462766064628,54.4,140.6,5.5,26101.3997883344,6.477400978126512,4.0525742999946255,17.270875763747455,14.338085539714868,21,10.902160512590894,10.575424873698024,2.2202188957698414,7.238731354583135,15.080085150387276
14523,Vogtlandkreis,DED44,221088,26671,125567,68850,12.063522217397598,56.795031842524246,31.14144594007816,56.1,156.7,6.0,25891.129503846,7.588312057762385,4.624783820029893,15.562130177514794,13.119956966110813,14,7.834481551099583,7.986955048928783,1.157794442897692,6.08140095635234,10.25358935004658
14524,Zwickau,DED45,309866,38865,178193,92808,12.542518378912174,57.5064705388781,29.951011082209728,55.1,324.9,5.4,26435.3039697238,7.185196406757154,4.615325109831136,16.05682307361171,13.90834735647478,11,9.657616879230961,9.482170002825258,1.2864704219496217,6.959538104229465,12.102810625515312
14612,Dresden,DED21,563019,79823,360186,123010,14.177674288079087,63.97403995247052,21.84828575945039,43.7,1740.6,6.5,25679.0068807258,13.009562875818869,9.307399665102135,19.34458697003892,31.14478502176266,3,11.728822320899454,12.442109602159546,2.118233737746971,8.85249870209982,13.891858658438997
14625,Bautzen,DED2C,294746,40284,168990,85472,13.667361049853094,57.33411140439565,28.99852754575126,54.4,127.5,6.2,26548.9938036209,5.847694551740903,3.1944707058156183,16.52386274266319,14.72743077114119,23,11.545778271043414,11.25634619821278,2.3915645783251556,8.48505181683758,15.703208462166454
14626,Görlitz,DED2D,245867,31149,138007,76711,12.669044646089144,56.13075361882643,31.200201735084416,56.0,118.9,8.9,24402.8464750281,9.465050563935648,5.755139384812197,17.792298483639264,13.921588188347965,22,10.450235868337218,10.185670531819497,1.665101464538108,8.236560028656204,13.856339488277287
14627,Meißen,DED2E,240368,32267,138803,69298,13.423999866870798,57.74603940624375,28.82996072688544,53.9,166.9,6.0,27331.1184984995,6.917650386416764,4.063823238247356,16.42835716428357,16.06839316068393,13,12.25755712210483,11.60773442182828,2.2646413268449,9.227176830562264,16.82081624421764
14628,Sächsische Schweiz-Osterzgebirge,DED2F,245143,34079,141485,69579,13.901681875476765,57.71529270670588,28.383025417817358,52.8,148.7,5.3,26663.36730216,6.241554123225853,3.413157959394272,17.545608613298775,15.496959425780082,15,9.600557215294568,9.265701081275672,1.3428339737803654,8.14279506891865,12.421510229630544
14713,Leipzig,DED51,608013,83552,405031,119430,13.74181144153168,66.61551644454971,19.642672113918614,40.7,2081.7,7.7,23682.8321075754,15.672592540645416,11.608468205824355,21.22597761145741,29.998058796885445,3,13.058018882339724,13.047448538644565,0.2677575698490934,12.735497136638475,13.391110971736127
14729,Leipzig,DED52,260706,35796,153138,71772,13.730408966421948,58.73972981059124,27.529861222986813,52.9,162.1,5.8,27807.958590197,6.129866121378139,3.5799992283652915,16.46284540702016,17.013629574309185,14,12.45017704338609,12.525959124160977,2.2346773213721454,7.184570480665249,15.941416869650247
14730,Nordsachsen,DED53,200778,27105,119411,54262,13.499985058123896,59.47414557371824,27.025869368157867,53.0,100.2,6.6,26146.2283986463,8.231795691938627,5.240141936128742,17.649197212965767,14.08058164192669,20,12.88597373268775,12.017274436654322,2.5857533292033508,8.776352205981924,17.089805614553555
15001,Dessau-Roßlau,DEE01,76062,8852,42466,24744,11.637874365649076,55.83076963529752,32.5313559990534,56.5,315.6,9.1,25213.7791668236,10.192525481313703,6.754194211066923,16.211265455655624,17.920928102579758,3,10.689181451331839,10.667837299736066,1.399956570647769,8.985363538840414,12.414343515419038
15002,Halle (Saale),DEE02,227639,30194,141692,55753,13.263983763766316,62.24416729997936,24.49184893625433,46.5,1695.5,9.5,22853.8618163195,14.920162763807118,11.201486411340507,23.34595561165457,23.67729041758704,2,12.772519945377939,12.772519945377939,1.4001497185272367,11.372370226850702,14.172669663905175
15003,Magdeburg,DEE03,242491,30943,152346,59202,12.760473584586643,62.82542444874243,24.414101966670927,47.9,1267.8,8.8,24259.6459468253,14.663978105060927,11.068786048187086,22.036711579769577,21.094512790470613,2,12.560986143486335,12.560986143486335,2.6755663208719556,9.88541982261438,15.236552464358292
15081,Altmarkkreis Salzwedel,DEE04,80780,10401,48668,21711,12.875711809853923,60.24758603614756,26.876702153998515,54.7,35.1,6.9,25828.63889768,7.001071969836986,3.960127650661048,18.770933449832533,10.397553516819572,22,9.882379817558304,9.918137450139838,0.7928362287195111,8.491386702998923,11.321111553118534
15082,Anhalt-Bitterfeld,DEE05,153801,18242,90216,45343,11.860781139264374,58.657616010299016,29.481602850436605,55.4,108.2,7.3,25412.0518163108,8.029391337085142,4.802056355032812,18.369948264227336,11.906725650446129,13,12.589554709515342,11.751544521813855,2.590046328917555,8.795604565365164,16.971418966334493
15083,Börde,DEE07,168593,22217,102268,44108,13.177889947981232,60.65969524238848,26.16241480963029,52.9,71.3,5.3,26566.0527253503,6.417633052472819,3.822196887376715,18.891545927697283,12.048108032072022,24,10.871447316489352,10.584146125759464,1.6214242671226629,8.603320435381661,14.05938059503164
15084,Burgenlandkreis,DEE08,175217,21619,102009,51589,12.338414651546367,58.21866599702084,29.4429193514328,55.2,123.6,7.4,25189.0085951477,8.803634990214368,5.941766907397022,18.73534731060352,11.909705941456226,13,10.791296796973613,9.793302138524554,2.409315921710322,7.778118147695018,16.175335054294028
15085,Harz,DEE09,207134,23617,120950,62567,11.401797869977887,58.39215194028986,30.20605018973225,55.8,98.4,5.4,25470.3662353525,5.987467307590419,3.077300991729964,15.954224166947157,13.312016156176371,20,9.957991748091057,9.577396212423,2.796252839157897,6.154861707443517,15.8476279072012
15086,Jerichower Land,DEE06,88695,11324,52476,24895,12.76734877952534,59.16455268053441,28.068098539940245,54.5,56.7,6.9,26351.8454792696,6.9980836433322064,4.271220831924247,18.581939799331103,13.351170568561871,15,11.23616592283033,10.61411830224432,1.8375486770916696,9.082850421244745,15.374900376752246
15087,Mansfeld-Südharz,DEE0A,130162,14642,74281,41239,11.24905886510656,57.06811511808362,31.682826016809823,57.0,90.1,10.2,24672.0637309678,6.4707939839104585,3.217908359566282,18.59318601989612,10.300202482612908,15,10.267037003480407,10.047329963235144,2.116418714943133,7.311306929371127,14.220209891522678
15088,Saalekreis,DEE0B,182677,23870,109096,49711,13.06677906906726,59.72070922995232,27.212511700980414,53.1,130.2,6.6,26218.6948374657,6.646753361057936,4.009065504873809,17.57965883488896,14.04570325072417,13,12.533567154895747,12.077077939802052,2.41010313395145,8.301939267893244,15.172305305358146
15089,Salzlandkreis,DEE0C,182296,21804,106988,53504,11.960767104050555,58.68916487470926,29.350068021240183,55.8,129.0,8.3,24552.4528627054,7.359974809852387,4.320870363031286,19.144087110660926,10.945809065586223,16,11.335551546786212,11.304791475653305,1.3513058359637682,9.2408713394709,13.880717386468334
15090,Stendal,DEE0D,106793,13470,63333,29990,12.613186257526245,59.30444879346024,28.08236494901351,54.9,44.6,9.4,24953.8120099689,7.056410256410256,3.752913752913753,20.103775667917866,12.033561492603225,22,10.546164870084153,10.173431828561696,1.5628076837349891,8.351932119083692,14.752076610546546
15091,Wittenberg,DEE0E,122230,14687,70352,37191,12.015871717254356,57.5570645504377,30.427063732307943,56.4,64.1,6.9,26121.3187987084,7.16557271714288,4.26599647008109,17.16572504708098,12.269303201506592,18,12.508162513830836,12.697344384268266,2.4222375463882613,8.718272036580622,16.692449437950586
16051,Erfurt,DEG01,219549,28809,140095,50645,13.121899894784308,63.810356685751245,23.06774341946445,45.9,820.9,6.3,25276.0,14.070119156736938,10.170027497708524,22.138806373210908,25.039157439913584,2,10.756870506542407,10.756870506542407,0.35612184931519053,10.400748657227217,11.112992355857598
16052,Gera,DEG02,95695,12321,55401,27973,12.875280840169289,57.89330686033753,29.231412299493183,53.9,629.3,9.9,24576.0,12.785652920962198,9.002362542955327,21.021786214804436,16.84290992483119,2,9.745634548389795,9.745634548389795,0.5586337560639096,9.187000792325884,10.304268304453704
16053,Jena,DEG03,110076,14362,70787,24927,13.047349104255243,64.30738762309677,22.645263272647988,42.9,955.7,5.9,25960.0,14.982467903124972,11.149869981607154,21.26043227049005,36.03680719024182,1,8.261748990371721,8.261748990371721,0.0,8.261748990371721,8.261748990371721
16054,Suhl,DEG0S,36307,3673,20732,11902,10.116506458809596,57.10193626573388,32.78155727545652,57.9,251.7,7.0,26673.0,11.69161253883084,8.67551539113245,17.159960093116062,19.25507149983372,2,6.761336249128912,6.761336249128912,0.6898562102495331,6.071480038879379,7.451192459378445
16061,Eichsfeld,DEG06,102699,14825,60928,26946,14.435388854808712,59.326770465145714,26.23784068004557,50.6,109.4,4.4,26595.0,6.4363095659562415,4.175559624118712,18.27565270188221,11.997571341833636,8,7.8065174404531135,7.791950935329084,1.0658594073263583,6.477979237380387,9.60810050797844
16062,Nordhausen,DEG07,81502,10308,48079,23115,12.647542391597751,58.99119040023558,28.36126720816667,53.9,114.4,8.5,24575.0,8.283485844131917,5.45108395258859,21.96315486470927,13.126079447322972,8,8.14712654948557,7.568104518415561,1.4507913964937744,6.34653408476284,10.382999902206354
16063,Wartburgkreis,DEG0R,156334,19992,92988,43354,12.788005168421456,59.48034336740569,27.731651464172863,53.4,114.8,5.6,26593.0,8.68363608511942,5.700371471973653,19.47650297955797,13.849287169042771,14,7.865406724768806,7.666154159299641,1.186023635220266,5.762799241742696,10.841874457046648
16064,Unstrut-Hainich-Kreis,DEG09,96458,13094,57051,26313,13.57482012896805,59.14594953243899,27.279230338592964,53.1,97.7,7.4,24664.0,7.291968541706223,4.725739239924452,19.65406942305414,12.75915175927023,8,9.322187368607521,9.557659174524584,1.5393350983748513,6.988921903736292,11.180642837674252
16065,Kyffhäuserkreis,DEG0A,72556,8866,42300,21390,12.219526986052152,58.29979601962621,29.480676994321627,55.7,69.6,8.5,24338.0,6.242075086829484,3.701968134957825,19.356395816572807,11.922767497988737,10,9.474648770199698,9.141818639414382,1.768510223220701,7.1320149171167735,12.154617174679636
16066,Schmalkalden-Meiningen,DEG0Q,121151,14800,71647,34704,12.216159998679334,59.13859563684988,28.645244364470784,54.8,97.1,4.9,26379.0,7.154906397860522,5.024480559555647,17.90422644435828,14.181853431562622,11,7.41202670915182,6.874404152208823,1.6710204755252858,5.017086138898196,10.728446514132177
16067,Gotha,DEG0C,136933,17589,82828,36516,12.844967977039868,60.48797587141157,26.667056151548568,52.1,146.3,6.3,25434.0,10.994531210070168,7.924269306872859,21.857643339314706,14.34674869691532,9,8.996087085654771,8.872067721526644,1.5427450797786797,5.959027315520187,11.139237566242286
16068,Sömmerda,DEG0D,68109,9058,40678,18373,13.29927028733354,59.72485280946718,26.97587690319929,53.0,84.7,6.4,25299.0,6.379808827000236,4.044725041302809,18.55132881709224,13.461872503039778,8,10.290147622887618,9.93878424673309,1.597579630226113,7.466114129427777,12.270866578286109
16069,Hildburghausen,DEG0E,60691,7619,36426,16646,12.553755911090606,60.01878367467993,27.42746041422946,53.8,64.5,4.6,26705.0,6.094999267232255,4.132810082884173,18.34319526627219,11.891582363046382,10,7.946517413076019,6.913165131832109,1.633493367291594,6.483684113052921,11.346187241326756
16070,Ilm-Kreis,DEG0T,107002,13453,64502,29047,12.572662193230034,60.28111624081794,27.14622156595204,52.9,133.9,5.9,25256.0,10.138088240834934,7.183225952300215,20.486302123445924,16.998569699636924,7,7.860490648961772,7.134167074562721,2.2343100492329766,6.064746588577077,13.255241648098602
16071,Weimarer Land,DEG0G,82868,11915,49331,21622,14.378288362214606,59.52961336100787,26.092098276777527,51.2,102.8,4.5,26449.0,7.691284420311763,5.174686483414156,17.590047736149284,15.666136265007957,7,8.294285693561141,8.464931401416308,0.9397891387423692,7.0429492946499925,9.7681114157838
16072,Sonneberg,DEG0V,55959,6283,33225,16451,11.227863257027469,59.373827266391466,29.39830947658107,55.3,121.4,5.2,25966.0,8.773177365735721,6.463885086487352,19.35549663471344,13.767081378747706,4,6.138823931371867,6.1043191917300135,0.6255303614573114,5.374115306058803,6.97254203596864
16073,Saalfeld-Rudolstadt,DEG0U,101111,12087,58007,31017,11.95418896064721,57.36962348310273,30.676187556250063,56.3,101.0,6.2,26101.0,6.238007635550808,3.45973532728028,18.01822586226785,15.168992963432922,10,6.918970312640954,6.8013384896046585,0.7399928363192355,5.801417528738224,8.61558894181361
16074,Saale-Holzland-Kreis,DEG0J,84040,10998,49667,23375,13.086625416468348,59.0992384578772,27.81413612565445,53.2,102.7,4.8,26603.0,6.332561459920573,3.802176443063338,17.144463181562674,17.495784148397977,10,8.938416018739096,8.863807677058269,1.698767773035217,6.84713602166778,13.37390037791124
16075,Saale-Orla-Kreis,DEG0K,77859,9753,45536,22570,12.52649019381189,58.48521044452151,28.9882993616666,54.8,68.4,5.6,25859.0,6.822067416877185,4.323917425808262,18.541760047811145,11.220678320633498,12,7.270879444591775,7.115568248794835,0.7969300226989333,6.396376246515621,9.17697035493112
16076,Greiz,DEG0L,94488,11383,53182,29923,12.047032427398188,56.28439590212514,31.668571670476677,56.9,111.8,5.7,26406.0,5.928563176743649,3.2326160244494155,16.234718826405867,13.520782396088018,5,8.185904698645945,7.936079529532168,0.7348068151604713,7.203436010430496,9.309939494665844
16077,Altenburger Land,DEG0M,87955,10245,49651,28059,11.648001819112046,56.45045762037405,31.901540560513897,56.6,154.7,9.2,25602.0,7.306578781740991,4.544154164807122,17.070920116003162,11.758502504613762,7,10.817683462011589,10.03351951364728,1.6497531866530206,9.12056411047108,13.862933690610657
