station_code,split,country,land,lat,lon,fold,saved_pm25_target,valid_pm25_days,valid_pm10_days,annual_pm25,annual_pm10,pm25_day_deficit_vs_threshold,passes_pm25_90pct,pm10_or_only_case,annual_pm25_abs_diff,audit_status,pm25_valid_day_bin
FR03021,development_cv,FR,,43.52407,5.44816,fold2_france,17.13611121955853,6,357,17.13611111111111,18.94110364863062,323,False,True,1.0844741993309981e-07,computed,0-181
FR31017,development_cv,FR,,43.49404,-1.52875,fold2_france,13.424702384683686,14,350,13.42470238095238,19.339480709409003,315,False,True,3.731305042720123e-09,computed,0-181
SE38350,development_cv,SE,,55.70334,13.18028,fold5_north,6.281235318898432,33,366,6.28123525,11.863933028175625,296,False,True,6.889843184865185e-08,computed,0-181
LT00002,development_cv,LT,,54.68611,25.210835000000003,fold5_north,6.178846165835086,52,356,6.178846153846154,13.368900516575849,277,False,True,1.1988932513418149e-08,computed,0-181
HU0023A,development_cv,HU,,47.51333,21.62445,fold6_balkan_e,19.98311931451001,54,350,19.98311898148148,21.908571428571427,275,False,True,3.3302853097438856e-07,computed,0-181
FR35007,development_cv,FR,,45.87331,1.30792,fold2_france,9.756946996437089,56,362,9.756946966712414,11.891460961021304,273,False,True,2.972467427753145e-08,computed,0-181
ES1718A,development_cv,ES,,38.1744,-3.01022,fold1_iberia,12.964912317114736,57,365,12.964912280701755,28.09949628785945,272,False,True,3.641298107481816e-08,computed,0-181
DENW042,development_cv,DE,Nordrhein-Westfalen,51.33767,6.64024,fold4_alpine,9.92607777382304,58,366,9.92607777525711,15.272024895445417,271,False,True,1.4340688636593768e-09,computed,0-181
ES1529A,development_cv,ES,,43.46778,-3.79028,fold1_iberia,7.380952401021734,63,366,7.380952380952381,18.222041544474205,266,False,True,2.0069352402174445e-08,computed,0-181
ES1037A,development_cv,ES,,43.36764,-4.043195,fold1_iberia,8.203125063267965,64,362,8.203125,16.08431181144575,265,False,True,6.326796508915322e-08,computed,0-181
ES1530A,development_cv,ES,,43.006525,-4.13556,fold1_iberia,5.4531249735801595,64,365,5.453125,10.698401014312271,265,False,True,2.6419840537528216e-08,computed,0-181
ES1578A,development_cv,ES,,43.38264,-3.220975,fold1_iberia,6.156249996670403,64,363,6.15625,11.828926637353325,265,False,True,3.3295970425228916e-09,computed,0-181
ES1799A,development_cv,ES,,37.89261,-4.76234,fold1_iberia,10.589062496780034,64,366,10.5890625,23.50948550856585,265,False,True,3.219966515644046e-09,computed,0-181
TR590341,development_cv,TR,,41.31835,27.98018,fold7_balkan_s,27.171400099468016,73,366,27.17139956368329,32.565792330870735,256,False,True,5.357847250309078e-07,computed,0-181
ES1601A,development_cv,ES,,38.88763,-7.01145,fold1_iberia,8.417333281602042,75,361,8.417333333333334,17.595581488511822,254,False,True,5.173129125068954e-08,computed,0-181
ES1616A,development_cv,ES,,39.84917,-5.93972,fold1_iberia,6.721333388447889,75,360,6.721333333333334,10.737795298903993,254,False,True,5.511455558604439e-08,computed,0-181
DENW040,development_cv,DE,Nordrhein-Westfalen,51.38526,6.763,fold4_alpine,9.966446658197482,77,366,9.966446645021644,12.113048974831637,252,False,True,1.3175837310086536e-08,computed,0-181
TR343741,development_cv,TR,,41.0327,28.8429,fold7_balkan_s,22.3134154946664,94,349,22.313415217606934,42.411501669197754,235,False,True,2.7705946692435646e-07,computed,0-181
IT1962A,development_cv,IT,,41.47889,14.03333,fold3_italy,23.70796481416292,113,341,23.707964601769913,31.366568914956012,216,False,True,2.1239300806996653e-07,computed,0-181
ES0126A,development_cv,ES,,40.39472,-3.73194,fold1_iberia,12.948717849169926,117,363,12.948717948717949,24.632188658763152,212,False,True,9.95480231580359e-08,computed,0-181
ES1472A,development_cv,ES,,42.80661,-1.652195,fold1_iberia,12.256198421599471,121,363,12.256198347107437,12.879380837404312,208,False,True,7.449203387466241e-08,computed,0-181
TR220341,development_cv,TR,,40.85121,26.63529,fold7_balkan_s,24.310107338621187,128,360,24.310107488442448,42.147109544504744,201,False,True,1.4982126117502048e-07,computed,0-181
FR18089,development_cv,FR,,49.43593,2.08429,fold2_france,10.07299578345419,143,339,10.072995792930946,15.490742925240355,186,False,True,9.476757156789972e-09,computed,0-181
FR28028,development_cv,FR,,50.53539,2.63569,fold2_france,8.526686994928667,145,346,8.526686933160818,12.958212631248617,184,False,True,6.17678495018481e-08,computed,0-181
TR800341,development_cv,TR,,37.08572,36.25437,fold7_balkan_s,31.06982134747327,152,366,31.069821396401924,100.80349259445123,177,False,True,4.892865490546683e-08,computed,0-181
DERP045,development_cv,DE,Rheinland-Pfalz,50.35937,7.59224,fold4_alpine,8.701219906427335,155,365,8.701219917771686,13.70983758245814,174,False,True,1.1344351236175498e-08,computed,0-181
PT04003,development_cv,PT,,37.86889,-8.72028,fold1_iberia,11.807548886220976,163,351,11.807548884710057,14.473128313695454,166,False,True,1.5109193896023498e-09,computed,0-181
DENW094,development_cv,DE,Nordrhein-Westfalen,50.754715,6.093875,fold4_alpine,6.998882645317614,179,361,6.998882681564246,12.740580998247154,150,False,True,3.624663236223569e-08,computed,0-181
DENW006,development_cv,DE,Nordrhein-Westfalen,51.592205,7.5698,fold4_alpine,9.174033189486805,181,366,9.17403314917127,14.016256718579289,148,False,True,4.031553402228383e-08,computed,0-181
DENW034,development_cv,DE,Nordrhein-Westfalen,51.524025,6.74838,fold4_alpine,9.621978031844066,182,366,9.621978021978022,16.03037141267917,147,False,True,9.866043981787698e-09,computed,182-328
DENW059,development_cv,DE,Nordrhein-Westfalen,50.88982,6.98516,fold4_alpine,7.646537628492005,182,365,7.646537721982987,11.809264044916558,147,False,True,9.34909820671237e-08,computed,182-328
IE0098A,development_cv,IE,,53.34167,-6.28889,fold5_north,6.350270168836831,185,358,6.35027027027027,11.575418994413408,144,False,True,1.0143343942559113e-07,computed,182-328
AT55032,development_cv,AT,,47.12566,13.80804,fold4_alpine,8.342083884527245,196,366,8.34208386369182,12.106434839276714,133,False,True,2.0835424052734197e-08,computed,182-328
DENW043,development_cv,DE,Nordrhein-Westfalen,51.45118,7.0306,fold4_alpine,10.135705635705692,208,366,10.135705628671426,15.507056091727101,121,False,True,7.034266502614628e-09,computed,182-328
AT56072,development_cv,AT,,47.32664,12.79512,fold4_alpine,6.774959103364405,213,360,6.774959036270316,9.356201559977453,116,False,True,6.709408939542527e-08,computed,182-328
TR0080A,development_cv,TR,,41.72446,27.2145,fold7_balkan_s,7.384228622504429,215,366,7.384228560242517,34.49108342941596,114,False,True,6.22619120704826e-08,computed,182-328
RO0142A,development_cv,RO,,45.43154,28.05474,fold6_balkan_e,14.463021132395514,227,341,14.463021145374448,17.83832697947214,102,False,True,1.2978933483509536e-08,computed,182-328
TR010641,development_cv,TR,,37.03993,35.26991,fold7_balkan_s,12.045434508328947,230,350,12.045434488480627,41.548460101220165,99,False,True,1.9848320320647872e-08,computed,182-328
AT52300,development_cv,AT,,47.69135,13.10815,fold4_alpine,6.4760753915450335,231,365,6.476075283684311,10.891445750798242,98,False,True,1.0786072213164744e-07,computed,182-328
AT72821,development_cv,AT,,47.34877,11.69203,fold4_alpine,8.839339278856434,231,366,8.839339316644708,15.499566732624597,98,False,True,3.7788273843375464e-08,computed,182-328
ES1641A,development_cv,ES,,41.63528,-0.89361,fold1_iberia,10.23529411524026,238,355,10.235294117647058,21.024323030487885,91,False,True,2.406798316201275e-09,computed,182-328
DENW337,development_cv,DE,Nordrhein-Westfalen,51.0976,6.4695,fold4_alpine,8.880731365858574,252,366,8.880731409283799,17.090192259519814,77,False,True,4.3425224305337906e-08,computed,182-328
RO0112A,development_cv,RO,,47.73992,26.65852,fold6_balkan_e,10.311338585439737,254,341,10.311338582677164,26.235454545454548,75,False,True,2.7625723930668755e-09,computed,182-328
TR0070A,development_cv,TR,,38.20384,37.19834,fold7_balkan_s,21.929337871342472,256,366,21.929338392048397,65.17900106871829,73,False,True,5.207059246004064e-07,computed,182-328
IT1788A,development_cv,IT,,45.4512,7.878,fold3_italy,19.027131857330097,258,358,19.027131782945737,22.337988826815643,71,False,True,7.438436000484216e-08,computed,182-328
FR23123,development_cv,FR,,48.0693,-0.76813,fold2_france,7.673693394840424,262,363,7.673693380272786,12.300895475812831,67,False,True,1.4567637762752383e-08,computed,182-328
IT2078A,development_cv,IT,,38.87028,16.66917,fold3_italy,6.453625909677021,262,364,6.453625954198473,15.81098901098901,67,False,True,4.452145141442543e-08,computed,182-328
IT2204A,development_cv,IT,,40.32423,15.86736,fold3_italy,13.023791959243091,269,342,13.023791821561339,18.93798245614035,60,False,True,1.376817522213969e-07,computed,182-328
MK0048A,development_cv,MK,,42.006,21.387,fold7_balkan_s,21.24905393896285,271,363,21.249054172015484,36.734753300747876,58,False,True,2.3305263496808948e-07,computed,182-328
MK0042A,development_cv,MK,,41.53583,20.6989,fold7_balkan_s,8.492181517608252,272,361,8.492181475031273,11.501891299627825,57,False,True,4.25769783873875e-08,computed,182-328
MK0047A,development_cv,MK,,41.992,21.423,fold7_balkan_s,20.279018803849684,273,364,20.27901884241902,43.77410989235348,56,False,True,3.8569336169302915e-08,computed,182-328
FR25051,development_cv,FR,,49.91801,1.07397,fold2_france,10.12221179410154,277,362,10.12221177045455,17.321261449300867,52,False,True,2.364699014378857e-08,computed,182-328
IT1582A,development_cv,IT,,45.1361,8.4452,fold3_italy,13.696818241995809,278,343,13.696818257599334,20.74868328898124,51,False,True,1.5603525582719158e-08,computed,182-328
PL0523A,development_cv,PL,,50.45366,20.71544,fold8_poland,15.864436374575863,284,338,15.86443661971831,22.4896449704142,45,False,True,2.4514244678641717e-07,computed,182-328
AT30701,development_cv,AT,,48.52832,15.94185,fold4_alpine,8.157288334854206,286,366,8.157288240415712,12.898316063341902,43,False,True,9.443849435797347e-08,computed,182-328
IT2202A,development_cv,IT,,40.28839,15.89143,fold3_italy,10.272578413571162,287,341,10.272578397212543,20.824105571847507,42,False,True,1.6358619348011416e-08,computed,182-328
TR0010A,development_cv,TR,,39.91832,32.8229,fold7_balkan_s,9.753939379567823,287,362,9.753939377522673,25.38516258575053,42,False,True,2.045149827267778e-09,computed,182-328
ES0392A,development_cv,ES,,41.39417,1.84028,fold1_iberia,10.512157537693874,292,342,10.512157534246576,22.06763157894737,37,False,True,3.4472975585231325e-09,computed,182-328
ES1856A,development_cv,ES,,41.426105,2.1480300000000003,fold1_iberia,10.10068260540268,293,342,10.100682593856655,17.925730994152048,36,False,True,1.1546024580866288e-08,computed,182-328
HU0022A,development_cv,HU,,47.43084,19.18417,fold6_balkan_e,7.407407457294433,297,345,7.407407407407407,21.849275362318842,32,False,True,4.9887025177497435e-08,computed,182-328
CZ0TORO,development_cv,CZ,,49.81856,18.34039,fold8_poland,16.35407422180003,298,362,16.354073811386485,23.23874689152291,31,False,True,4.1041354492676874e-07,computed,182-328
PT01048,development_cv,PT,,41.37139,-7.79083,fold1_iberia,3.5767952477544993,299,337,3.576795332701391,9.582921246110903,30,False,True,8.494689174298742e-08,computed,182-328
TR140213,development_cv,TR,,40.6039,31.25997,fold7_balkan_s,14.715317042042376,299,355,14.715317004583097,25.645608031051577,30,False,True,3.745927834586382e-08,computed,182-328
CZ0TOMH,development_cv,CZ,,49.82486,18.26365,fold8_poland,14.706457294579389,301,366,14.70645710878269,21.978487718624923,28,False,True,1.8579669891494177e-07,computed,182-328
ES0010R,development_cv,ES,,42.31917,3.31583,fold1_iberia,7.158415910931605,303,343,7.158415841584159,13.425655976676385,26,False,True,6.934744600783915e-08,computed,182-328
IT1247A,development_cv,IT,,45.558705,8.056395,fold3_italy,9.59405940659894,303,353,9.594059405940595,15.337110481586402,26,False,True,6.583462663911632e-10,computed,182-328
HU0029A,development_cv,HU,,46.08028,18.21112,fold6_balkan_e,11.609539539345384,304,362,11.609539473684212,20.676795580110497,25,False,True,6.566117249917625e-08,computed,182-328
DENW053,development_cv,DE,Nordrhein-Westfalen,51.01934,6.88464,fold4_alpine,8.247356509999005,306,366,8.24735654827743,11.543040203402946,23,False,True,3.8278425762428014e-08,computed,182-328
ES1418A,development_cv,ES,,41.76278,-1.14333,fold1_iberia,10.114006512437864,307,362,10.11400651465798,16.162983425414364,22,False,True,2.2201156468781846e-09,computed,182-328
PL0238A,development_cv,PL,,50.27945,18.65583,fold8_poland,21.242207536589007,308,366,21.242207792207793,29.041804232632813,21,False,True,2.5561878658209025e-07,computed,182-328
FR33211,development_cv,FR,,46.19583,6.24056,fold2_france,8.109985251985089,309,361,8.109985338409613,15.179766026115173,20,False,True,8.642452442586546e-08,computed,182-328
IT1830A,development_cv,IT,,44.91932,8.622015000000001,fold3_italy,17.728155633872223,309,334,17.728155339805824,24.077844311377245,20,False,True,2.940663996753301e-07,computed,182-328
ES1642A,development_cv,ES,,41.936185,2.2393,fold1_iberia,9.948967726220504,310,365,9.948967741935483,19.058451929015156,19,False,True,1.5714979539893648e-08,computed,182-328
IT2336A,development_cv,IT,,40.40444,16.1191,fold3_italy,4.6969132107689555,311,340,4.696913183279743,20.945264705882355,18,False,True,2.7489212683917685e-08,computed,182-328
GR0048A,development_cv,GR,,38.24647,21.73451,fold7_balkan_s,14.59168741910254,315,335,14.591687363015845,26.65094009456812,14,False,True,5.608669439993719e-08,computed,182-328
IT2148A,development_cv,IT,,40.64929,17.51271,fold3_italy,13.898299426386425,315,353,13.898299422776441,20.087488475405614,14,False,True,3.609983423302765e-09,computed,182-328
RO0252A,development_cv,RO,,45.29934,21.87213,fold6_balkan_e,10.685718449397022,315,330,10.685718412698412,20.289109999999997,14,False,True,3.6698610372809526e-08,computed,182-328
IT2300A,development_cv,IT,,45.53861,10.23194,fold3_italy,17.770007772825576,316,336,17.770007848101265,27.125057738095236,13,False,True,7.527568968157539e-08,computed,182-328
TR0106A,development_cv,TR,,40.97645,27.51273,fold7_balkan_s,25.78852277485278,316,366,25.78852332897832,42.310761065839465,13,False,True,5.541255418961555e-07,computed,182-328
FR26017,development_cv,FR,,46.99683,3.17109,fold2_france,5.71319149603155,318,366,5.71319153046829,10.699999874007357,11,False,True,3.44367396820644e-08,computed,182-328
IT1743A,development_cv,IT,,45.58111,9.274445,fold3_italy,24.30817690099661,318,335,24.30817610062893,30.484776119402984,11,False,True,8.00367679687497e-07,computed,182-328
ES1148A,development_cv,ES,,41.43333,2.22,fold1_iberia,10.665358257363602,321,341,10.665358255451713,23.736795628608224,8,False,True,1.9118893135328108e-09,computed,182-328
TR343241,development_cv,TR,,41.00382,29.02691,fold7_balkan_s,20.66514269493097,322,365,20.66514245972861,34.176071036798554,7,False,True,2.352023606988496e-07,computed,182-328
BG0020A,development_cv,BG,,43.0742,25.60488,fold6_balkan_e,14.27585150767539,323,358,14.275851393188855,24.915642458100557,6,False,True,1.1448653403078879e-07,computed,182-328
IT2134A,development_cv,IT,,42.5342,12.5219,fold3_italy,14.38271588738323,324,333,14.382716049382717,24.465465465465467,5,False,True,1.6199948760231564e-07,computed,182-328
PT04001,development_cv,PT,,37.96042,-8.835695000000001,fold1_iberia,4.359435243407346,324,366,4.359435357017885,15.30058279271216,5,False,True,1.1361053875447169e-07,computed,182-328
CZ0HJIC,development_cv,CZ,,50.4395,15.35264,fold8_poland,11.183076935849106,325,358,11.183076923076923,16.416201117318437,4,False,True,1.2772183310971741e-08,computed,182-328
IT1294A,development_cv,IT,,45.52583,8.73667,fold3_italy,14.893328645041615,325,334,14.893328830769232,21.6937125748503,4,False,True,1.857276163974575e-07,computed,182-328
IT2056A,development_cv,IT,,39.23583,9.115,fold3_italy,13.134877560665489,325,353,13.134877415384615,28.423228895184135,4,False,True,1.452808735535882e-07,computed,182-328
MK0040A,development_cv,MK,,41.70583,21.76529,fold7_balkan_s,19.908865599011936,325,332,19.90886550810611,42.28577725735952,4,False,True,9.090582508974876e-08,computed,182-328
ES0559A,development_cv,ES,,41.38917,2.16528,fold1_iberia,15.405521531144366,326,338,15.405521472392637,23.85414201183432,3,False,True,5.8751728815309434e-08,computed,182-328
NL00247,development_cv,NL,,51.40737,5.39333,fold2_france,9.803150668377844,326,365,9.803150647039379,17.212751570222792,3,False,True,2.1338465217013436e-08,computed,182-328
ES1559A,development_cv,ES,,41.96028,3.03917,fold1_iberia,9.90902139374749,327,338,9.90902140672783,19.19940828402367,2,False,True,1.2980338581769502e-08,computed,182-328
ES1684A,development_cv,ES,,41.49333,2.04361,fold1_iberia,9.265213356900093,328,366,9.265213414634145,17.244970042604344,1,False,True,5.773405220566019e-08,computed,182-328
ES2070A,development_cv,ES,,40.94667,-0.29083,fold1_iberia,7.176829346918053,328,330,7.176829268292683,10.742424242424242,1,False,True,7.862537021452454e-08,computed,182-328
IT2151A,development_cv,IT,,40.48967,18.04731,fold3_italy,10.881992168156694,328,361,10.881992237654556,20.172406106973973,1,False,True,6.949786168775063e-08,computed,182-328
DEHH079,held_out_test,DE,Hamburg,53.54527,9.94482,TEST,9.29186089361728,151,365,9.291860895339473,14.31829133123302,178,False,True,1.7221939430100974e-09,computed,0-181
DEHH081,held_out_test,DE,Hamburg,53.52916,9.9816,TEST,9.5262579772082,152,366,9.526257967980722,14.387346809971929,177,False,True,9.227477448803256e-09,computed,0-181
DENI028,held_out_test,DE,Niedersachsen,51.50758,10.23854,TEST,7.085997204925334,203,366,7.085997123670308,12.20167100514685,126,False,True,8.125502670708329e-08,computed,182-328
DENI029,held_out_test,DE,Niedersachsen,53.36235,7.20726,TEST,7.534974411755783,210,366,7.534974505119093,12.312289079281628,119,False,True,9.336330997200548e-08,computed,182-328
DENI063,held_out_test,DE,Niedersachsen,53.52418,9.68503,TEST,8.01939430292903,217,365,8.019394231973287,12.827045371551558,112,False,True,7.095574261484217e-08,computed,182-328
DENI062,held_out_test,DE,Niedersachsen,53.24696,10.4565,TEST,7.75424444996561,223,366,7.754244458444903,12.388975330715573,106,False,True,8.479293711616265e-09,computed,182-328
DENI052,held_out_test,DE,Niedersachsen,52.82943,9.62295,TEST,8.06913156121113,263,364,8.0691316630679,12.797700922360965,66,False,True,1.0185677012941596e-07,computed,182-328
DENI077,held_out_test,DE,Niedersachsen,51.70884,9.55462,TEST,6.248950293190141,288,366,6.248950402352267,10.613954942505835,41,False,True,1.0916212556111304e-07,computed,182-328
DENI059,held_out_test,DE,Niedersachsen,53.83017,8.80122,TEST,7.3346732988940095,293,364,7.334673345011843,10.583559558719351,36,False,True,4.6117833107928163e-08,computed,182-328
DEST029,held_out_test,DE,Sachsen-Anhalt,51.80353,11.73896,TEST,8.507383670423394,300,364,8.507383636930799,14.069201020764297,29,False,True,3.349259536378213e-08,computed,182-328
DENI157,held_out_test,DE,Niedersachsen,52.42789,10.79368,TEST,8.621834579173663,315,365,8.621834533891862,15.626390775281232,14,False,True,4.528180141960547e-08,computed,182-328
DENI020,held_out_test,DE,Niedersachsen,52.44081,10.81638,TEST,7.725613160957479,316,366,7.725613061118565,11.962666678810045,13,False,True,9.983891402498557e-08,computed,182-328
